-- phpMyAdmin SQL Dump
-- version 5.1.1
-- https://www.phpmyadmin.net/
--
-- Host: 127.0.0.1
-- Generation Time: Oct 09, 2021 at 07:12 PM
-- Server version: 10.4.20-MariaDB
-- PHP Version: 8.0.9

SET SQL_MODE = "NO_AUTO_VALUE_ON_ZERO";
START TRANSACTION;
SET time_zone = "+00:00";


/*!40101 SET @OLD_CHARACTER_SET_CLIENT=@@CHARACTER_SET_CLIENT */;
/*!40101 SET @OLD_CHARACTER_SET_RESULTS=@@CHARACTER_SET_RESULTS */;
/*!40101 SET @OLD_COLLATION_CONNECTION=@@COLLATION_CONNECTION */;
/*!40101 SET NAMES utf8mb4 */;

--
-- Database: `newsportal`
--

-- --------------------------------------------------------

--
-- Table structure for table `tbladmin`
--

CREATE TABLE `tbladmin` (
  `id` int(11) NOT NULL,
  `AdminUserName` varchar(255) NOT NULL,
  `AdminPassword` varchar(255) NOT NULL,
  `AdminEmailId` varchar(255) NOT NULL,
  `Is_Active` int(11) NOT NULL,
  `CreationDate` timestamp NOT NULL DEFAULT current_timestamp(),
  `UpdationDate` timestamp NULL DEFAULT '0000-00-00 00:00:00' ON UPDATE current_timestamp()
) ENGINE=InnoDB DEFAULT CHARSET=latin1;

--
-- Dumping data for table `tbladmin`
--

INSERT INTO `tbladmin` (`id`, `AdminUserName`, `AdminPassword`, `AdminEmailId`, `Is_Active`, `CreationDate`, `UpdationDate`) VALUES
(1, 'admin', '$2y$12$i4LMfeFPQpGSNPTaccIkKuwxAkJ4PhBr3JND7FpXwWFjRvchQn17C', 'phpgurukulofficial@gmail.com', 1, '2018-05-27 17:51:00', '2018-10-24 18:21:07');

-- --------------------------------------------------------

--
-- Table structure for table `tblcategory`
--

CREATE TABLE `tblcategory` (
  `id` int(11) NOT NULL,
  `CategoryName` varchar(200) DEFAULT NULL,
  `Description` mediumtext DEFAULT NULL,
  `PostingDate` timestamp NULL DEFAULT current_timestamp(),
  `UpdationDate` timestamp NULL DEFAULT NULL,
  `Is_Active` int(1) DEFAULT NULL
) ENGINE=InnoDB DEFAULT CHARSET=latin1;

--
-- Dumping data for table `tblcategory`
--

INSERT INTO `tblcategory` (`id`, `CategoryName`, `Description`, `PostingDate`, `UpdationDate`, `Is_Active`) VALUES
(2, 'Politik', 'Berita Politik', '2021-10-08 10:28:09', '2021-10-07 18:41:07', 1),
(3, 'Olahraga', 'Berita Olahraga', '2021-10-08 10:35:09', '2021-10-08 11:11:55', 1),
(5, 'Kesehatan', 'Berita Kesehatan', '2021-10-08 05:32:58', '2018-06-14 05:33:41', 1),
(6, 'Otomotif', 'Berita Otomotif', '2021-10-08 15:46:09', '2021-10-08 13:17:14', 1),
(7, 'Pendidikan', 'Berita Pendidikan', '2021-10-08 15:46:22', '2021-10-08 13:18:23', 1),
(8, 'Ekonomi', 'Berita Ekonomi', '2021-10-08 15:46:22', '2021-10-08 13:17:52', 1);

-- --------------------------------------------------------

--
-- Table structure for table `tblcomments`
--

CREATE TABLE `tblcomments` (
  `id` int(11) NOT NULL,
  `postId` char(11) DEFAULT NULL,
  `name` varchar(120) DEFAULT NULL,
  `email` varchar(150) DEFAULT NULL,
  `comment` mediumtext DEFAULT NULL,
  `postingDate` timestamp NULL DEFAULT current_timestamp(),
  `status` int(1) DEFAULT NULL
) ENGINE=InnoDB DEFAULT CHARSET=latin1;

--
-- Dumping data for table `tblcomments`
--

INSERT INTO `tblcomments` (`id`, `postId`, `name`, `email`, `comment`, `postingDate`, `status`) VALUES
(1, '12', 'Anuj', 'anuj@gmail.com', 'Cras sit amet nibh libero, in gravida nulla. Nulla vel metus scelerisque ante sollicitudin. Cras purus odio, vestibulum in vulputate at, tempus viverra turpis.', '2018-11-21 11:06:22', 0),
(2, '12', 'Test user', 'test@gmail.com', 'This is sample text for testing.', '2018-11-21 11:25:56', 1),
(3, '7', 'ABC', 'abc@test.com', 'This is sample text for testing.', '2018-11-21 11:27:06', 1);

-- --------------------------------------------------------

--
-- Table structure for table `tblpages`
--

CREATE TABLE `tblpages` (
  `id` int(11) NOT NULL,
  `PageName` varchar(200) DEFAULT NULL,
  `PageTitle` mediumtext DEFAULT NULL,
  `Description` longtext DEFAULT NULL,
  `PostingDate` timestamp NULL DEFAULT current_timestamp(),
  `UpdationDate` timestamp NULL DEFAULT NULL ON UPDATE current_timestamp()
) ENGINE=InnoDB DEFAULT CHARSET=latin1;

--
-- Dumping data for table `tblpages`
--

INSERT INTO `tblpages` (`id`, `PageName`, `PageTitle`, `Description`, `PostingDate`, `UpdationDate`) VALUES
(1, 'aboutus', 'About News Portal', '<font color=\"#7b8898\" face=\"Mercury SSm A, Mercury SSm B, Georgia, Times, Times New Roman, Microsoft YaHei New, Microsoft Yahei, å¾®è½¯é›…é»‘, å®‹ä½“, SimSun, STXihei, åŽæ–‡ç»†é»‘, serif\"><span style=\"font-size: 26px;\">\r\n	<section class=\"pa-4\">\r\n\r\n		<div class=\"mt-2 mb-5\">\r\n			<h3 class=\"black-color--text mb-3\">Our Works</h3>\r\n			<p class=\"black-color--text line-height-base\">\r\n				Hai semua, Terima Kasih sudah mengujungi web kita. Kami selaku CEO dan CTO serta karyawan dari Catering Maju Jaya mengucapkan semoga kalian puas dengan website ini dan dapat menggunakannya dengan baik.<br>\r\n				Sedikit Cerita mengenai Catering Maju Jaya. Catering Maju Jaya diciptakan oleh 2 orang yang sekarang menjabat sebagai CEO dan CTO di Catering Maju Jaya. Mereka mengembangkan usaha ini dengan tujuan mendapatkan nilai dari mata kuliah PTI di UNIVERSITAS MULTIMEDIA NUSANTARA.<br>\r\n				Usaha Catering Maju Jaya ini kami harap menjadi usaha yang sangat sukses di Tangerang dan akhirnya melebarkan sayap ke seluruh nusantara dan menjadi catering nomor 1 di Indonesia.\r\n			</p>\r\n		</div>\r\n\r\n\r\n		<div class=\"mt-5 mb-5\">\r\n			<h3 class=\"black-color--text mb-3\">Meet Our Team</h3>\r\n			<div class=\"gridlist\">\r\n\r\n\r\n			  <div class=\"item\">\r\n			  	\r\n			  	<img src=\"gambar/charlie.jpg\" alt=\"Image\" height=\"150\" width=\"150\">\r\n			  	<p class=\"subjudul\">Charlie Frederico</p>\r\n\r\n			  </div>\r\n\r\n			  <div class=\"item\">\r\n			  	\r\n			  	<img src=\"gambar/henry.jpg\" alt=\"Image\" height=\"150\" width=\"150\">\r\n\r\n			  	<p class=\"subjudul\">Henry Laufrans</p>\r\n\r\n			  </div>\r\n\r\n			  <div class=\"item\">\r\n			  	\r\n				<img src=\"gambar/christian.png\" alt=\"Image\" height=\"150\" width=\"150\">\r\n				<p class=\"subjudul\">Christian Alexander</p>\r\n\r\n			</div>\r\n\r\n                                <div class=\"item\">\r\n			  	\r\n			  	<img src=\"gambar/ferdy.jpg\" alt=\"Image\" height=\"150\" width=\"150\">\r\n			  	<p class=\"subjudul\">Ferdy Willy</p>\r\n\r\n			  </div>\r\n\r\n			</div>\r\n		</div>\r\n	</section></span></font><br>', '2018-06-30 18:01:03', '2021-10-05 14:46:40'),
(2, 'contactus', 'Contact Details', '<p><br></p><p><b>Address :&nbsp; </b>New Delhi India</p><p><b>Phone Number : </b>+91 -01234567890</p><p><b>Email -id : </b>phpgurukulofficial@gmail.com</p>', '2018-06-30 18:01:36', '2018-06-30 19:23:25');

-- --------------------------------------------------------

--
-- Table structure for table `tblposts`
--

CREATE TABLE `tblposts` (
  `id` int(11) NOT NULL,
  `PostTitle` longtext DEFAULT NULL,
  `CategoryId` int(11) DEFAULT NULL,
  `SubCategoryId` int(11) DEFAULT NULL,
  `PostDetails` longtext CHARACTER SET utf8 DEFAULT NULL,
  `PostingDate` timestamp NULL DEFAULT current_timestamp(),
  `UpdationDate` timestamp NULL DEFAULT NULL ON UPDATE current_timestamp(),
  `Is_Active` int(1) DEFAULT NULL,
  `PostUrl` mediumtext DEFAULT NULL,
  `PostImage` varchar(255) DEFAULT NULL,
  `Penulis` varchar(255) DEFAULT NULL
) ENGINE=InnoDB DEFAULT CHARSET=latin1;

--
-- Dumping data for table `tblposts`
--

INSERT INTO `tblposts` (`id`, `PostTitle`, `CategoryId`, `SubCategoryId`, `PostDetails`, `PostingDate`, `UpdationDate`, `Is_Active`, `PostUrl`, `PostImage`, `Penulis`) VALUES
(7, 'Jasprit Bumrah ruled out of England T20I series due to injury', 3, 4, '<p style=\"margin-bottom: 15px; padding: 0px; font-size: 16px; font-family: PTSans, sans-serif;\"><span style=\"margin: 0px; padding: 0px; font-weight: 700;\">The Indian Cricket Team has received a huge blow right ahead of the commencement of the much-awaited series against England. Star speedster Jasprit Bumrah has been ruled out of the forthcoming 3-match T20I series as he suffered an injury in his left thumb.</span></p><p style=\"margin-bottom: 15px; padding: 0px; font-size: 16px; font-family: PTSans, sans-serif;\">The 24-year-old pacer picked up a niggle during India’s first T20I match against Ireland played on June 27 at the Malahide cricket ground in Dublin. As per the reports, he is likely to be available for the ODI series against England scheduled to start from July 12.</p><p style=\"margin-bottom: 15px; padding: 0px; font-size: 16px; font-family: PTSans, sans-serif;\">In the first, Bumrah exhibited a phenomenal performance with the ball. In his quota of four overs, he conceded 19 runs and picked 2 wickets at an economy rate of 4.75.</p><p style=\"margin-bottom: 15px; padding: 0px; font-size: 16px; font-family: PTSans, sans-serif;\">Post his injury, he arrived at team’s optional training session on Thursday but didn’t train. Later, he was rested in the second face-off along with MS Dhoni, Shikhar Dhawan and Bhuvneshwar Kumar.</p><p style=\"margin-bottom: 15px; padding: 0px; font-size: 16px; font-family: PTSans, sans-serif;\">As of now, no replacement has been announced. However, Umesh Yadav may be be given chance in the team in Bumrah’s absence.</p><p style=\"padding: 0px; font-size: 16px; font-family: PTSans, sans-serif;\">The first T20I match between India and England will be played at Old Trafford, Manchester on July 3.</p>', '2018-06-30 18:49:23', '2021-10-09 16:57:05', 0, 'Jasprit-Bumrah-ruled-out-of-England-T20I-series-due-to-injury', '6d08a26c92cf30db69197a1fb7230626.jpg', ''),
(10, 'Tata Steel, Thyssenkrupp Finalise Landmark Steel Deal', 7, 9, '<h1 style=\"box-sizing: inherit; margin-top: 0px; padding: 0px; font-family: Roboto, sans-serif; font-size: 38px; line-height: normal; letter-spacing: -0.5px; color: rgb(51, 51, 51);\"><span itemprop=\"headline\" style=\"box-sizing: inherit;\">Tata Steel, Thyssenkrupp Finalise Landmark Steel Deal</span>Tata Steel, Thyssenkrupp Finalise Landmark Steel DealTata Steel, Thyssenkrupp Finalise Landmark Steel DealTata Steel, Thyssenkrupp Finalise Landmark Steel DealTata Steel, Thyssenkrupp Finalise Landmark Steel Deal</h1>', '2018-06-30 19:08:56', '2018-08-28 15:59:59', 1, 'Tata-Steel,-Thyssenkrupp-Finalise-Landmark-Steel-Deal', '505e59c459d38ce4e740e3c9f5c6caf7.jpg', ''),
(11, 'UNs Jean Pierre Lacroix thanks India for contribution to peacekeeping', 6, 8, '<p>UNs Jean Pierre Lacroix thanks India for contribution to peacekeepingUNs Jean Pierre Lacroix thanks India for contribution to peacekeepingUNs Jean Pierre Lacroix thanks India for contribution to peacekeepingUNs Jean Pierre Lacroix thanks India for contribution to peacekeepingUNs Jean Pierre Lacroix thanks India for contribution to peacekeepingUNs Jean Pierre Lacroix thanks India for contribution to peacekeepingUNs Jean Pierre Lacroix thanks India for contribution to peacekeepingUNs Jean Pierre Lacroix thanks India for contribution to peacekeepingUNs Jean Pierre Lacroix thanks India for contribution to peacekeepingUNs Jean Pierre Lacroix thanks India for contribution to peacekeepingUNs Jean Pierre Lacroix thanks India for contribution to peacekeepingUNs Jean Pierre Lacroix thanks India for contribution to peacekeepingUNs Jean Pierre Lacroix thanks India for contribution to peacekeepingUNs Jean Pierre Lacroix thanks India for contribution to peacekeepingUNs Jean Pierre Lacroix thanks India for contribution to peacekeepingUNs Jean Pierre Lacroix thanks India for contribution to peacekeepingUNs Jean Pierre Lacroix thanks India for contribution to peacekeepingUNs Jean Pierre Lacroix thanks India for contribution to peacekeepingUNs Jean Pierre Lacroix thanks India for contribution to peacekeeping<br></p>', '2018-06-30 19:10:36', '2018-08-28 16:01:35', 1, 'UNs-Jean-Pierre-Lacroix-thanks-India-for-contribution-to-peacekeeping', '27095ab35ac9b89abb8f32ad3adef56a.jpg', ''),
(12, 'Shah holds meeting with NE states leaders in Manipur', 6, 7, '<p><span style=\"color: rgb(25, 25, 25); font-family: &quot;Noto Serif&quot;; font-size: 16px;\">New Delhi: BJP president Amit Shah today held meetings with his party leaders who are in-charge of 11 Lok Sabha seats spread across seven northeast states as part of a drive to ensure that it wins the maximum number of these constituencies in the general election next year.</span><br style=\"box-sizing: inherit; color: rgb(25, 25, 25); font-family: &quot;Noto Serif&quot;; font-size: 16px;\"><br style=\"box-sizing: inherit; color: rgb(25, 25, 25); font-family: &quot;Noto Serif&quot;; font-size: 16px;\"><webviewcontentdata style=\"box-sizing: inherit; color: rgb(25, 25, 25); font-family: &quot;Noto Serif&quot;; font-size: 16px;\">Shah held separate meetings with Lok Sabha toli (group) of Arunachal Pradesh, Tripura, Meghalaya, Mizoram, Nagaland, Sikkim and Manipur in Manipur, the partys media head Anil Baluni said.<br style=\"box-sizing: inherit;\"><br style=\"box-sizing: inherit;\">Baluni said that Shah was in West Bengal for two days before he arrived in Manipur. The BJP chief would reach Odisha tomorrow.</webviewcontentdata><br></p>', '2018-06-30 19:11:44', '2018-08-28 16:01:43', 1, 'Shah-holds-meeting-with-NE-states-leaders-in-Manipur', '7fdc1a630c238af0815181f9faa190f5.jpg', ''),
(13, 'Berita Olahraga 1', 3, 5, '<p>tes bray, berita olahraga 1</p>', '2021-10-08 14:28:22', NULL, 1, 'Berita-Olahraga-1', '30470be943259a90f18d81a3498936ee.jpg', 'Henry');

-- --------------------------------------------------------

--
-- Table structure for table `tblsubcategory`
--

CREATE TABLE `tblsubcategory` (
  `SubCategoryId` int(11) NOT NULL,
  `CategoryId` int(11) DEFAULT NULL,
  `Subcategory` varchar(255) DEFAULT NULL,
  `SubCatDescription` mediumtext DEFAULT NULL,
  `PostingDate` timestamp NOT NULL DEFAULT current_timestamp(),
  `UpdationDate` timestamp NULL DEFAULT NULL,
  `Is_Active` int(1) DEFAULT NULL
) ENGINE=InnoDB DEFAULT CHARSET=latin1;

--
-- Dumping data for table `tblsubcategory`
--

INSERT INTO `tblsubcategory` (`SubCategoryId`, `CategoryId`, `Subcategory`, `SubCatDescription`, `PostingDate`, `UpdationDate`, `Is_Active`) VALUES
(3, 5, 'Bollywood ', 'Bollywood masala', '2018-06-22 15:45:38', '0000-00-00 00:00:00', 1),
(4, 3, 'Cricket', 'Cricket\r\n\r\n', '2018-06-30 09:00:43', '0000-00-00 00:00:00', 1),
(5, 3, 'Football', 'Football', '2018-06-30 09:00:58', '0000-00-00 00:00:00', 1),
(6, 5, 'Television', 'TeleVision', '2018-06-30 18:59:22', '0000-00-00 00:00:00', 1),
(7, 6, 'National', 'National', '2018-06-30 19:04:29', '0000-00-00 00:00:00', 1),
(8, 6, 'International', 'International', '2018-06-30 19:04:43', '0000-00-00 00:00:00', 1),
(9, 7, 'India', 'India', '2018-06-30 19:08:42', '0000-00-00 00:00:00', 1);

-- --------------------------------------------------------

--
-- Table structure for table `users`
--

CREATE TABLE `users` (
  `id` int(11) NOT NULL,
  `username` varchar(255) NOT NULL,
  `email` varchar(255) NOT NULL,
  `password` varchar(255) NOT NULL,
  `fname` varchar(25) NOT NULL,
  `photo` varchar(255) NOT NULL DEFAULT 'default.svg',
  `bname` varchar(255) NOT NULL,
  `ttl` date NOT NULL DEFAULT current_timestamp(),
  `gender` varchar(255) NOT NULL
) ENGINE=InnoDB DEFAULT CHARSET=utf8mb4;

--
-- Dumping data for table `users`
--

INSERT INTO `users` (`id`, `username`, `email`, `password`, `fname`, `photo`, `bname`, `ttl`, `gender`) VALUES
(1, 'chris', 'tes@gmail.com', '$2y$10$Dj8ngvW0V4X2u/FEn4.HjeAGkGyojLiuSYVACNj3AA25Kmr0BdTce', 'admin', 'default.svg', '', '2021-10-09', ''),
(3, 'ferdy', 'henry.laufrans@student.umn.ac.id', '$2y$10$pGk0kdSS0.uaZ3Z/AZvLkO.MPzEkPYsMo/cb4vSbW/N4x7d9Su11y', 'HENRY LAUFRANSasdsadas', 'd8f10bd7f471b0d5bd133923e3ce4757.jpg', '', '2021-10-09', ''),
(5, 'henrylaufrans', 'ferigga12@gmail.com', '$2y$10$Xp8j.vKCs7uBag9SB7cUPeQvCQOiUcNxZzpUBzi9T2kurCpm3buOm', 'ferigga', 'e2999ef461727dede3a90f037e101212.jpg', '', '2021-10-09', ''),
(6, 'charjeng', 'laufranshenry@gmail.com', '$2y$10$TRQ7y6Wz/d8sBZ2bCuTuIeU0N4UTCLQnuTSkhXXKyj/.5gqI6f6Nu', 'Charlie', '6abd1941997974865bd870e361e454ce.jpg', 'Frederico', '2021-10-09', '1');

--
-- Indexes for dumped tables
--

--
-- Indexes for table `tbladmin`
--
ALTER TABLE `tbladmin`
  ADD PRIMARY KEY (`id`);

--
-- Indexes for table `tblcategory`
--
ALTER TABLE `tblcategory`
  ADD PRIMARY KEY (`id`);

--
-- Indexes for table `tblcomments`
--
ALTER TABLE `tblcomments`
  ADD PRIMARY KEY (`id`);

--
-- Indexes for table `tblpages`
--
ALTER TABLE `tblpages`
  ADD PRIMARY KEY (`id`);

--
-- Indexes for table `tblposts`
--
ALTER TABLE `tblposts`
  ADD PRIMARY KEY (`id`);

--
-- Indexes for table `tblsubcategory`
--
ALTER TABLE `tblsubcategory`
  ADD PRIMARY KEY (`SubCategoryId`);

--
-- Indexes for table `users`
--
ALTER TABLE `users`
  ADD PRIMARY KEY (`id`),
  ADD UNIQUE KEY `username` (`username`);

--
-- AUTO_INCREMENT for dumped tables
--

--
-- AUTO_INCREMENT for table `tbladmin`
--
ALTER TABLE `tbladmin`
  MODIFY `id` int(11) NOT NULL AUTO_INCREMENT, AUTO_INCREMENT=2;

--
-- AUTO_INCREMENT for table `tblcategory`
--
ALTER TABLE `tblcategory`
  MODIFY `id` int(11) NOT NULL AUTO_INCREMENT, AUTO_INCREMENT=9;

--
-- AUTO_INCREMENT for table `tblcomments`
--
ALTER TABLE `tblcomments`
  MODIFY `id` int(11) NOT NULL AUTO_INCREMENT, AUTO_INCREMENT=40;

--
-- AUTO_INCREMENT for table `tblpages`
--
ALTER TABLE `tblpages`
  MODIFY `id` int(11) NOT NULL AUTO_INCREMENT, AUTO_INCREMENT=3;

--
-- AUTO_INCREMENT for table `tblposts`
--
ALTER TABLE `tblposts`
  MODIFY `id` int(11) NOT NULL AUTO_INCREMENT, AUTO_INCREMENT=14;

--
-- AUTO_INCREMENT for table `tblsubcategory`
--
ALTER TABLE `tblsubcategory`
  MODIFY `SubCategoryId` int(11) NOT NULL AUTO_INCREMENT, AUTO_INCREMENT=10;

--
-- AUTO_INCREMENT for table `users`
--
ALTER TABLE `users`
  MODIFY `id` int(11) NOT NULL AUTO_INCREMENT, AUTO_INCREMENT=7;
COMMIT;

/*!40101 SET CHARACTER_SET_CLIENT=@OLD_CHARACTER_SET_CLIENT */;
/*!40101 SET CHARACTER_SET_RESULTS=@OLD_CHARACTER_SET_RESULTS */;
/*!40101 SET COLLATION_CONNECTION=@OLD_COLLATION_CONNECTION */;
